City_ID,City,Country,Date,Lat,Lng,Max Temp,Humidity,Cloudiness,Wind Speed
0,Albany,US,2021-10-10 21:00:32,42.6001,-73.9662,66.63,79,95,6.55
1,Ambulu,ID,2021-10-10 21:05:06,-8.345,113.6058,74.53,84,89,3.44
2,Mar Del Plata,AR,2021-10-10 21:00:30,-38.0023,-57.5575,57.13,1,15,15.99
3,Kodiak,US,2021-10-10 21:00:50,57.79,-152.4072,43.88,60,100,4.85
4,Hilo,US,2021-10-10 21:05:07,19.7297,-155.09,80.28,91,90,8.05
5,Napasar,IN,2021-10-10 21:05:07,27.9667,73.55,85.55,37,0,13.65
6,Codrington,AU,2021-10-10 21:05:07,-38.2667,141.9667,48.2,71,83,9.86
7,Qaanaaq,GL,2021-10-10 21:05:07,77.484,-69.3632,29.5,89,100,8.43
8,East London,ZA,2021-10-10 21:00:19,-33.0153,27.9116,59.86,70,17,17.9
9,Atuona,PF,2021-10-10 21:05:08,-9.8,-139.0333,78.46,75,47,19.48
10,Homer,US,2021-10-10 21:05:08,59.6425,-151.5483,49.08,73,75,11.5
11,Ushuaia,AR,2021-10-10 21:04:37,-54.8,-68.3,51.42,40,40,20.71
12,Rikitea,PF,2021-10-10 21:05:09,-23.1203,-134.9692,74.62,80,97,19.73
13,Hermanus,ZA,2021-10-10 21:05:09,-34.4187,19.2345,65.89,67,98,7.85
14,Tiksi,RU,2021-10-10 21:05:09,71.6872,128.8694,29.01,98,100,6.44
15,Khatanga,RU,2021-10-10 21:05:10,71.9667,102.5,16.52,96,100,5.1
16,Cape Town,ZA,2021-10-10 21:05:10,-33.9258,18.4232,66.11,84,96,4.27
17,Russell,US,2021-10-10 21:05:10,32.3502,-85.1999,84.96,54,1,6.91
18,Kapaa,US,2021-10-10 21:05:11,22.0752,-159.319,82.38,69,40,7.0
19,Arraial Do Cabo,BR,2021-10-10 21:05:11,-22.9661,-42.0278,67.86,88,75,17.27
20,Kalianget,ID,2021-10-10 21:05:11,-7.05,113.9333,80.33,77,44,5.93
21,Clovis,US,2021-10-10 21:05:12,36.8252,-119.7029,81.12,40,1,3.0
22,Bethel,US,2021-10-10 21:05:12,41.3712,-73.414,64.04,88,90,3.0
23,Boguchany,RU,2021-10-10 21:05:12,58.3814,97.4531,30.27,93,100,5.41
24,Carnarvon,AU,2021-10-10 21:04:57,-24.8667,113.6333,65.5,70,0,18.79
25,College,US,2021-10-10 21:05:13,64.8569,-147.8028,37.35,95,90,5.75
26,Hobart,AU,2021-10-10 21:01:25,-42.8794,147.3294,46.11,79,20,1.99
27,Conceicao Do Araguaia,BR,2021-10-10 21:05:13,-8.2578,-49.2647,87.39,44,100,2.77
28,Finnsnes,NO,2021-10-10 21:05:14,69.2296,17.9811,46.76,93,100,4.38
29,Shalakusha,RU,2021-10-10 21:05:14,62.2247,40.2539,49.66,87,100,9.75
30,Chara,RU,2021-10-10 21:05:14,56.9064,118.2631,26.8,68,20,3.38
31,Kaitangata,NZ,2021-10-10 21:05:15,-46.2817,169.8464,52.77,72,100,3.6
32,Cherskiy,RU,2021-10-10 21:05:15,68.75,161.3,0.46,98,87,5.55
33,Severo-Kurilsk,RU,2021-10-10 21:05:15,50.6789,156.125,47.84,94,100,27.76
34,Butaritari,KI,2021-10-10 21:04:36,3.0707,172.7902,81.27,69,49,10.71
35,Dikson,RU,2021-10-10 21:05:16,73.5069,80.5464,29.88,66,100,22.55
36,Ballina,AU,2021-10-10 21:05:16,-28.8667,153.5667,69.78,76,58,8.39
37,Aasiaat,GL,2021-10-10 21:05:16,68.7098,-52.8699,30.61,74,100,3.8
38,Ilulissat,GL,2021-10-10 21:05:16,69.2167,-51.1,32.02,86,40,2.3
39,Javanrud,IR,2021-10-10 21:05:17,34.7961,46.5172,58.12,22,0,3.04
40,Makakilo City,US,2021-10-10 21:01:49,21.3469,-158.0858,80.69,64,75,10.36
41,Mataura,NZ,2021-10-10 21:05:17,-46.1927,168.8643,47.48,88,100,2.59
42,Edea,CM,2021-10-10 21:05:18,3.8,10.1333,73.44,97,99,1.79
43,Pangnirtung,CA,2021-10-10 21:05:18,66.1451,-65.7125,36.36,69,100,3.69
44,Busselton,AU,2021-10-10 21:05:18,-33.65,115.3333,55.09,73,96,15.12
45,Thompson,CA,2021-10-10 21:05:19,55.7435,-97.8558,59.32,41,100,6.51
46,Port Elizabeth,ZA,2021-10-10 21:04:38,-33.918,25.5701,61.09,72,40,17.27
47,Castro,BR,2021-10-10 21:01:08,-24.7911,-50.0119,57.63,93,100,9.22
48,Hithadhoo,MV,2021-10-10 21:04:52,-0.6,73.0833,82.67,68,98,13.24
49,Trujillo,PE,2021-10-10 21:05:19,-8.116,-79.03,60.76,88,90,11.5
50,Nautla,MX,2021-10-10 21:05:20,20.2167,-96.7833,86.56,67,6,15.9
51,Te Anau,NZ,2021-10-10 21:05:20,-45.4167,167.7167,40.69,98,100,2.39
52,Iqaluit,CA,2021-10-10 21:05:20,63.7506,-68.5145,35.26,80,46,0.6
53,Meulaboh,ID,2021-10-10 21:05:21,4.1363,96.1285,76.15,88,100,3.29
54,Ingham,US,2021-10-10 21:05:21,42.6,-84.3833,81.0,77,40,11.5
55,Naantali,FI,2021-10-10 21:05:22,60.4674,22.0243,53.11,82,20,11.5
56,Banepa,NP,2021-10-10 21:05:22,27.6298,85.5214,66.52,94,20,0.0
57,Airai,TL,2021-10-10 21:05:22,-8.9266,125.4092,60.84,69,100,1.25
58,Bredasdorp,ZA,2021-10-10 21:05:23,-34.5322,20.0403,62.28,83,70,2.8
59,Jamestown,US,2021-10-10 21:04:51,42.097,-79.2353,72.99,72,40,5.99
60,Vostok,RU,2021-10-10 21:05:23,46.4856,135.8833,37.0,88,100,14.92
61,Jawhar,SO,2021-10-10 21:05:23,2.7809,45.5005,77.11,83,7,11.54
62,Punta Arenas,CL,2021-10-10 21:01:11,-53.15,-70.9167,51.12,37,15,27.31
63,Kralendijk,BQ,2021-10-10 21:05:24,12.15,-68.2667,84.18,74,0,8.05
64,Yining,CN,2021-10-10 21:05:24,29.0361,114.5636,60.71,88,100,4.56
65,Vaini,TO,2021-10-10 21:04:34,-21.2,-175.2,77.16,83,75,4.61
66,Laguna,US,2021-10-10 21:05:25,38.421,-121.4238,81.88,35,1,3.0
67,Lebu,CL,2021-10-10 21:05:25,-37.6167,-73.65,54.75,74,12,11.74
68,Mlowo,TZ,2021-10-10 21:05:25,-9.0,32.9833,63.91,54,25,5.48
69,Alta Floresta,BR,2021-10-10 21:05:26,-9.8756,-56.0861,87.48,43,90,1.21
70,Jiuquan,CN,2021-10-10 21:05:26,39.7432,98.5174,39.24,24,0,3.29
71,Esperance,AU,2021-10-10 21:05:26,-33.8667,121.9,58.39,43,100,19.95
72,San Jose De Guanipa,VE,2021-10-10 21:05:26,8.8872,-64.1651,85.8,59,99,3.69
73,Umm Kaddadah,SD,2021-10-10 21:05:27,13.6017,26.6876,93.33,17,83,11.25
74,Atar,MR,2021-10-10 21:05:27,20.5169,-13.0499,88.3,18,1,4.83
75,Roald,NO,2021-10-10 21:05:28,62.5833,6.1333,51.17,87,75,11.5
76,Pastavy,BY,2021-10-10 21:05:28,55.1168,26.8326,37.6,82,5,6.67
77,Mujiayingzi,CN,2021-10-10 21:05:28,42.1167,118.7833,39.6,46,0,6.64
78,Suarez,CO,2021-10-10 21:05:28,2.954,-76.6964,73.09,91,88,4.85
79,Hualmay,PE,2021-10-10 21:05:29,-11.0964,-77.6139,66.78,79,49,9.84
80,Arapongas,BR,2021-10-10 21:05:29,-23.4194,-51.4244,66.87,87,96,13.42
81,Sitka,US,2021-10-10 21:05:29,57.0531,-135.33,51.69,71,20,4.61
82,Vila Velha,BR,2021-10-10 21:05:30,-20.3297,-40.2925,69.75,94,90,4.61
83,Lichinga,MZ,2021-10-10 21:05:30,-13.3128,35.2406,69.15,42,83,3.89
84,Pascagoula,US,2021-10-10 21:05:30,30.3658,-88.5561,88.05,64,1,10.36
85,Ushtobe,KZ,2021-10-10 21:05:31,45.2514,77.9838,46.24,58,100,15.46
86,Longyearbyen,SJ,2021-10-10 21:05:31,78.2186,15.6401,26.44,80,75,4.61
87,Sisimiut,GL,2021-10-10 21:05:31,66.9395,-53.6735,34.77,76,99,7.18
88,Shubarkuduk,KZ,2021-10-10 21:05:32,49.1447,56.4872,44.53,77,27,7.78
89,Portland,US,2021-10-10 21:02:43,45.5234,-122.6762,60.94,73,75,1.01
90,Hasaki,JP,2021-10-10 21:05:32,35.7333,140.8333,66.6,73,54,14.85
91,Pangody,RU,2021-10-10 21:05:33,65.85,74.4859,27.64,87,37,8.37
92,Georgetown,MY,2021-10-10 21:02:00,5.4112,100.3354,78.89,85,20,0.0
93,Faya,SA,2021-10-10 21:05:33,18.3851,42.4509,64.92,29,34,11.3
94,Ugoofaaru,MV,2021-10-10 21:05:33,5.6667,73.0,83.01,77,72,17.85
95,Saskylakh,RU,2021-10-10 21:05:34,71.9167,114.0833,17.26,96,100,6.91
96,Cockburn Town,TC,2021-10-10 21:01:07,21.4612,-71.1419,82.96,71,99,15.57
97,Stromness,GB,2021-10-10 21:04:37,58.965,-3.296,49.96,88,5,21.99
98,Avarua,CK,2021-10-10 21:04:56,-21.2078,-159.775,77.05,69,100,9.22
99,Arzgir,RU,2021-10-10 21:05:34,45.3728,44.2206,49.69,68,52,10.78
100,Broome,US,2021-10-10 21:05:35,42.2506,-75.833,68.9,75,90,1.99
101,Presidencia Roque Saenz Pena,AR,2021-10-10 21:05:35,-26.7852,-60.4388,80.24,64,34,5.82
102,Saldanha,ZA,2021-10-10 21:05:35,-33.0117,17.9442,61.32,58,77,9.66
103,Pop,UZ,2021-10-10 21:05:36,40.8736,71.1089,45.09,71,6,5.86
104,Pagudpud,PH,2021-10-10 21:05:36,18.5616,120.7868,78.94,96,100,22.62
105,Santiago,CL,2021-10-10 21:03:01,-33.4569,-70.6483,75.16,37,1,7.07
106,Mindelo,CV,2021-10-10 21:05:36,16.8901,-24.9804,78.35,73,20,27.63
107,Lashio,MM,2021-10-10 21:05:37,22.9333,97.75,66.63,99,97,1.79
108,New Norfolk,AU,2021-10-10 21:05:37,-42.7826,147.0587,46.76,78,87,2.89
109,Yeppoon,AU,2021-10-10 21:05:37,-23.1333,150.7333,65.98,65,2,5.19
110,Chake Chake,TZ,2021-10-10 21:05:38,-5.2459,39.7666,75.63,85,53,9.37
111,Alekseyevsk,RU,2021-10-10 21:05:38,57.8406,108.3492,34.88,99,100,5.01
112,Batemans Bay,AU,2021-10-10 21:05:38,-35.7167,150.1833,53.2,83,100,5.97
113,Berlevag,NO,2021-10-10 21:05:39,70.8578,29.0864,42.75,81,75,11.5
114,Cap Malheureux,MU,2021-10-10 21:01:09,-19.9842,57.6142,71.47,91,98,5.99
115,Alofi,NU,2021-10-10 21:05:39,-19.0595,-169.9187,77.2,80,100,5.64
116,Bluff,NZ,2021-10-10 21:05:39,-46.6,168.3333,47.8,90,100,5.1
117,Sao Filipe,CV,2021-10-10 21:05:40,14.8961,-24.4956,81.03,71,0,5.55
118,Saint-Philippe,RE,2021-10-10 21:05:40,-21.3585,55.7679,71.15,88,8,6.8
119,Richards Bay,ZA,2021-10-10 21:05:40,-28.783,32.0377,62.42,62,76,5.35
120,Chapais,CA,2021-10-10 21:05:41,49.7834,-74.8492,55.81,94,100,7.83
121,Pangoa,PE,2021-10-10 21:05:41,-12.1167,-73.0,88.12,48,94,2.71
122,Talnakh,RU,2021-10-10 21:05:41,69.4865,88.3972,20.79,97,93,5.17
123,Norman Wells,CA,2021-10-10 21:05:41,65.282,-126.8329,32.04,93,75,11.5
124,Praxedis Guerrero,MX,2021-10-10 21:05:42,31.3667,-106.0167,78.42,17,0,27.98
125,Tambun,ID,2021-10-10 21:05:42,-6.2641,107.0712,79.48,69,89,1.23
126,Puerto Leguizamo,CO,2021-10-10 21:05:42,-0.1934,-74.7819,81.46,76,98,0.76
127,Washougal,US,2021-10-10 21:05:43,45.5826,-122.3534,59.76,79,1,5.75
128,Thinadhoo,MV,2021-10-10 21:05:43,0.5333,72.9333,83.01,69,100,15.39
129,Ilhabela,BR,2021-10-10 21:05:43,-23.7781,-45.3581,67.84,96,100,10.98
130,Palembang,ID,2021-10-10 21:05:44,-2.9167,104.7458,75.4,91,71,3.18
131,Gaoyou,CN,2021-10-10 21:05:44,32.7858,119.4278,60.93,82,100,17.67
132,Bandarbeyla,SO,2021-10-10 21:05:44,9.4942,50.8122,78.69,88,87,20.13
133,Nikolskoye,RU,2021-10-10 21:05:45,59.7035,30.7861,51.4,68,15,8.52
134,San Quintin,MX,2021-10-10 21:05:45,30.4833,-115.95,73.11,54,0,10.67
135,Yellowknife,CA,2021-10-10 21:05:45,62.456,-114.3525,37.92,100,75,16.11
136,Suruc,TR,2021-10-10 21:05:46,36.9761,38.425,77.2,22,0,4.34
137,Vanavara,RU,2021-10-10 21:05:46,60.34,102.2797,28.6,85,92,10.22
138,San Jeronimo,PE,2021-10-10 21:05:46,-11.9472,-75.2829,64.8,47,80,8.3
139,Vardo,NO,2021-10-10 21:05:47,70.3705,31.1107,44.58,87,75,4.61
140,Grindavik,IS,2021-10-10 21:05:47,63.8424,-22.4338,39.67,93,75,3.44
141,Kushiro,JP,2021-10-10 21:05:47,42.975,144.3747,64.08,89,100,32.41
142,Tessalit,ML,2021-10-10 21:05:47,20.1986,1.0114,87.03,10,93,7.78
143,Cabatuan,PH,2021-10-10 21:05:48,10.8794,122.486,76.96,91,98,9.04
144,Port-Gentil,GA,2021-10-10 21:05:48,-0.7193,8.7815,77.9,83,98,8.01
145,Urgut,UZ,2021-10-10 21:05:48,39.4022,67.2431,39.15,49,0,0.81
146,Bull Savanna,JM,2021-10-10 21:05:49,17.8868,-77.5902,82.2,64,79,8.88
147,Port Alfred,ZA,2021-10-10 21:05:49,-33.5906,26.891,60.24,70,17,24.7
148,Mahina,PF,2021-10-10 21:05:49,-17.5065,-149.489,82.17,61,75,8.05
149,Kalakamati,BW,2021-10-10 21:05:50,-20.5929,27.3121,55.63,73,59,22.03
150,Ribeira Grande,PT,2021-10-10 21:05:50,38.5167,-28.7,70.9,89,100,23.15
151,Egvekinot,RU,2021-10-10 21:05:50,66.3167,-179.1667,19.38,86,98,8.68
152,Yuyao,CN,2021-10-10 21:05:51,30.05,121.1494,75.79,96,74,7.81
153,Flinders,AU,2021-10-10 21:05:51,-34.5833,150.8552,52.21,84,100,4.0
154,Sagua La Grande,CU,2021-10-10 21:05:51,22.8067,-80.0756,67.19,64,73,8.9
155,Loiza,PR,2021-10-10 21:05:52,18.4313,-65.8802,84.87,85,75,10.36
156,Srisailam,IN,2021-10-10 21:05:52,16.0833,78.8667,73.38,88,100,2.17
157,Buala,SB,2021-10-10 21:05:52,-8.145,159.5921,81.3,80,96,5.14
158,Pitimbu,BR,2021-10-10 21:05:53,-7.4706,-34.8086,79.39,79,52,9.01
159,Chuy,UY,2021-10-10 21:05:11,-33.6971,-53.4616,60.58,78,95,15.61
160,Antalaha,MG,2021-10-10 21:05:53,-14.9003,50.2788,65.64,82,27,6.96
161,Malakal,SS,2021-10-10 21:05:53,9.5334,31.6605,77.23,78,83,3.49
162,Gat,IL,2021-10-10 21:05:54,31.61,34.7642,73.4,64,0,5.53
163,Kosa,RU,2021-10-10 21:05:54,59.9445,54.9977,36.41,93,100,6.89
164,Lasa,IT,2021-10-10 21:05:54,46.6166,10.7002,42.71,81,2,7.78
165,Kintampo,GH,2021-10-10 21:05:55,8.0563,-1.7306,75.4,89,100,8.05
166,Lompoc,US,2021-10-10 21:04:37,34.6391,-120.4579,86.14,57,1,10.36
167,Indianola,US,2021-10-10 21:05:55,41.3581,-93.5574,71.51,65,95,11.12
168,Atbasar,KZ,2021-10-10 21:05:55,51.8,68.3333,36.28,75,94,8.32
169,San Marcos,US,2021-10-10 21:03:21,33.1434,-117.1661,88.48,53,1,8.01
170,Ghanzi,BW,2021-10-10 21:05:56,-21.5667,21.7833,69.53,10,0,8.14
171,Tautira,PF,2021-10-10 21:05:56,-17.7333,-149.15,82.42,76,69,8.39
172,Cabo San Lucas,MX,2021-10-10 21:05:56,22.8909,-109.9124,96.62,66,20,5.01
173,Tromso,NO,2021-10-10 21:05:57,69.6496,18.957,46.42,93,75,6.91
174,Hambantota,LK,2021-10-10 21:05:57,6.1241,81.1185,79.14,100,0,6.91
175,Port Hedland,AU,2021-10-10 21:05:57,-20.3167,118.5667,71.65,28,51,12.66
176,San Patricio,US,2021-10-10 21:05:58,28.017,-97.5169,95.68,58,53,20.87
177,Hami,CN,2021-10-10 21:04:49,42.8,93.45,48.04,25,4,7.18
178,Almaznyy,RU,2021-10-10 21:05:58,48.0448,40.045,46.54,58,8,7.34
179,Upernavik,GL,2021-10-10 21:04:43,72.7868,-56.1549,33.08,98,100,12.64
180,Ubinskoye,RU,2021-10-10 21:05:59,55.3068,79.6802,33.57,80,100,12.73
181,Port Blair,IN,2021-10-10 21:05:59,11.6667,92.75,80.73,83,100,17.02
182,Deputatskiy,RU,2021-10-10 21:05:59,69.3,139.9,19.11,85,100,3.74
183,Tuktoyaktuk,CA,2021-10-10 21:03:17,69.4541,-133.0374,30.42,74,100,7.63
184,Yurimaguas,PE,2021-10-10 21:06:00,-5.9,-76.0833,93.36,45,20,5.75
185,Tavda,RU,2021-10-10 21:06:00,58.0425,65.2726,26.91,67,9,0.98
186,Pychas,RU,2021-10-10 21:06:01,56.5033,52.4409,45.05,92,100,4.21
187,Pahrump,US,2021-10-10 21:04:18,36.2083,-115.9839,76.69,19,0,1.01
188,Gayny,RU,2021-10-10 21:06:01,60.3071,54.3241,37.9,95,100,7.0
189,Anadyr,RU,2021-10-10 21:06:02,64.75,177.4833,23.5,92,75,4.0
190,Clyde River,CA,2021-10-10 21:04:51,70.4692,-68.5914,31.86,77,99,3.49
191,Provideniya,RU,2021-10-10 21:06:02,64.3833,-173.3,32.11,80,75,4.47
192,Poltavka,RU,2021-10-10 21:06:03,54.3663,71.7632,32.83,78,99,7.18
193,Dawei,MM,2021-10-10 21:06:03,14.0833,98.2,76.87,94,100,2.44
194,Manaring,PH,2021-10-10 21:06:03,17.1729,121.9025,73.98,99,100,5.1
195,Abbeville,FR,2021-10-10 21:06:04,50.1,1.8333,58.5,93,80,5.37
196,Srednekolymsk,RU,2021-10-10 21:06:04,67.45,153.6833,7.47,95,28,3.02
197,Miandoab,IR,2021-10-10 21:06:04,36.9694,46.1027,54.52,52,0,1.72
198,Ilebo,CD,2021-10-10 21:06:05,-4.3167,20.5833,72.54,96,100,2.75
199,Sao Sebastiao,BR,2021-10-10 21:06:05,-23.76,-45.4097,67.66,97,100,7.47
200,Anloga,GH,2021-10-10 21:06:05,5.7947,0.8973,79.57,83,35,12.15
201,Hobyo,SO,2021-10-10 21:06:06,5.3505,48.5268,78.58,88,47,18.07
202,Cidreira,BR,2021-10-10 21:06:06,-30.1811,-50.2056,65.25,78,100,19.39
203,Bay Roberts,CA,2021-10-10 21:06:06,47.5999,-53.2648,47.05,68,12,5.01
204,Bubaque,GW,2021-10-10 21:06:07,11.2833,-15.8333,82.69,77,100,9.06
205,Ponta Do Sol,PT,2021-10-10 21:06:07,32.6667,-17.1,73.0,69,15,5.46
206,Chifeng,CN,2021-10-10 21:02:29,42.2683,118.9636,40.91,44,0,6.8
207,Northam,GB,2021-10-10 21:06:07,51.0333,-4.2167,55.62,83,11,11.83
208,Barrow,US,2021-10-10 21:06:08,71.2906,-156.7887,28.42,74,90,10.36
209,Leshukonskoye,RU,2021-10-10 21:06:08,64.8989,45.7622,47.55,97,100,8.46
210,Avera,US,2021-10-10 21:06:08,33.194,-82.5271,83.08,55,10,8.14
211,Saint-Francois,FR,2021-10-10 21:06:09,46.4154,3.9054,46.67,95,3,3.44
212,Smithers,CA,2021-10-10 21:06:09,54.7804,-127.1743,46.2,57,100,4.88
213,Teahupoo,PF,2021-10-10 21:06:09,-17.8333,-149.2667,76.96,75,72,8.48
214,Sofiyivka,UA,2021-10-10 21:06:10,48.0493,33.8746,44.76,51,6,9.28
215,Vila Franca Do Campo,PT,2021-10-10 21:06:10,37.7167,-25.4333,70.21,88,100,10.11
216,Kampene,CD,2021-10-10 21:06:10,-3.6,26.6667,67.06,97,98,2.39
217,Sao Joao Da Barra,BR,2021-10-10 21:06:11,-21.6403,-41.0511,68.09,91,100,16.28
218,Alice Springs,AU,2021-10-10 21:06:11,-23.7,133.8833,53.15,100,90,11.5
219,Katsuura,JP,2021-10-10 21:06:11,35.1333,140.3,71.71,71,77,12.95
220,Paracale,PH,2021-10-10 21:06:12,14.2804,122.7881,78.01,93,74,9.84
221,Agadez,NE,2021-10-10 21:06:12,19.75,10.25,79.61,11,15,3.94
222,Simbahan,PH,2021-10-10 21:06:12,6.3032,120.5836,83.79,74,91,10.18
223,Gornopravdinsk,RU,2021-10-10 21:06:13,60.05,69.9,27.18,73,6,3.6
224,Tsiroanomandidy,MG,2021-10-10 21:06:13,-18.7667,46.0333,70.68,70,66,6.17
225,Bakchar,RU,2021-10-10 21:06:13,57.0186,82.0711,26.53,81,98,3.65
226,Iskateley,RU,2021-10-10 21:06:14,67.6803,53.1512,30.56,94,100,11.21
227,Kiunga,PG,2021-10-10 21:06:14,-6.1219,141.2906,73.38,99,100,1.3
228,Sur,OM,2021-10-10 21:06:14,22.5667,59.5289,82.71,56,0,7.63
229,Tuatapere,NZ,2021-10-10 21:06:15,-46.1333,167.6833,47.82,96,100,4.83
230,Nanortalik,GL,2021-10-10 21:04:52,60.1432,-45.2371,36.37,61,6,2.91
231,Volax,GR,2021-10-10 21:06:15,41.3167,24.0,52.48,93,100,4.29
232,Sola,VU,2021-10-10 21:01:16,-13.8833,167.55,79.02,80,68,17.11
233,Victoria,HK,2021-10-10 21:03:02,22.2855,114.1577,82.33,85,100,5.01
234,La Rioja,ES,2021-10-10 21:06:16,42.25,-2.5,50.04,92,100,3.87
235,Iberia,US,2021-10-10 21:06:16,29.9502,-91.7507,86.99,61,1,10.36
236,Bambous Virieux,MU,2021-10-10 21:06:16,-20.3428,57.7575,71.22,90,95,8.52
237,Chapadinha,BR,2021-10-10 21:06:17,-3.7417,-43.3603,86.09,53,71,6.76
238,Lamu,KE,2021-10-10 21:06:17,-2.2717,40.902,77.22,85,98,13.82
239,Akdepe,TM,2021-10-10 21:06:17,42.0551,59.3788,46.4,40,3,2.64
240,Port Lincoln,AU,2021-10-10 21:06:18,-34.7333,135.8667,50.47,63,3,8.88
241,Muros,ES,2021-10-10 21:06:18,42.7762,-9.0603,64.09,60,0,12.68
242,Faanui,PF,2021-10-10 21:06:19,-16.4833,-151.75,79.14,76,41,13.27
243,Hay River,CA,2021-10-10 21:06:19,60.8156,-115.7999,40.59,65,81,14.79
244,Kidal,ML,2021-10-10 21:06:19,18.4411,1.4078,87.8,9,100,10.45
245,Pandan,PH,2021-10-10 21:06:20,14.0453,124.1694,80.76,84,68,13.38
246,Paraiso,CR,2021-10-10 21:06:20,9.8383,-83.8656,71.42,83,72,2.82
247,Tigil,RU,2021-10-10 21:06:21,57.8,158.6667,31.44,87,54,5.64
248,Quang Ngai,VN,2021-10-10 21:06:21,15.1167,108.8,75.96,93,97,3.96
249,Point Pedro,LK,2021-10-10 21:06:21,9.8167,80.2333,81.46,82,100,12.15
250,Soeng Sang,TH,2021-10-10 21:06:21,14.4264,102.4606,74.17,96,84,4.74
251,Katrineholm,SE,2021-10-10 21:06:22,58.9959,16.2072,49.73,73,96,10.87
252,Doctor Arroyo,MX,2021-10-10 21:06:22,23.6667,-100.1833,82.92,28,0,5.12
253,Bengkulu,ID,2021-10-10 21:06:22,-3.8004,102.2655,75.54,90,91,3.42
254,Narsaq,GL,2021-10-10 21:05:10,60.9167,-46.05,30.42,48,26,1.59
255,Villa Guerrero,MX,2021-10-10 21:06:23,18.8667,-99.65,86.38,58,3,4.52
256,Sabha,LY,2021-10-10 21:06:23,27.0377,14.4283,78.49,13,0,12.06
257,Galveston,US,2021-10-10 21:06:24,29.3669,-94.9669,88.18,72,1,8.01
258,Paamiut,GL,2021-10-10 21:03:12,61.994,-49.6678,36.63,61,100,9.42
259,Nenjiang,CN,2021-10-10 21:06:24,49.1833,125.2167,39.43,74,0,10.0
260,Aklavik,CA,2021-10-10 21:06:24,68.2191,-135.0107,30.92,78,100,9.31
261,Iralaya,HN,2021-10-10 21:06:25,15.0,-83.2333,84.29,76,89,7.25
262,Taree,AU,2021-10-10 21:06:25,-31.9,152.4667,64.26,96,100,5.75
263,Rapid City,US,2021-10-10 21:04:55,44.0805,-103.231,69.01,33,1,1.99
264,Balabac,PH,2021-10-10 21:06:26,7.9868,117.0645,81.18,81,100,15.99
265,Chokurdakh,RU,2021-10-10 21:06:26,70.6333,147.9167,17.51,89,100,5.79
266,Ouadda,CF,2021-10-10 21:06:26,8.0777,22.4007,70.27,96,92,4.07
267,Klaksvik,FO,2021-10-10 21:06:27,62.2266,-6.589,41.92,70,100,18.92
268,Leningradskiy,RU,2021-10-10 21:06:27,69.3833,178.4167,21.0,89,100,4.23
269,Joshimath,IN,2021-10-10 21:06:27,30.5667,79.5667,58.78,50,0,3.51
270,Pevek,RU,2021-10-10 21:06:28,69.7008,170.3133,22.57,92,100,7.49
271,Puerto Ayora,EC,2021-10-10 21:01:31,-0.7393,-90.3518,71.55,82,67,8.99
272,Tual,ID,2021-10-10 21:06:28,-5.6667,132.75,82.38,75,100,1.63
273,Ilembula,TZ,2021-10-10 21:06:28,-8.9,34.5833,67.66,54,51,11.21
274,Havelock,US,2021-10-10 21:06:29,34.8791,-76.9013,75.97,89,67,3.0
275,Mount Isa,AU,2021-10-10 21:06:29,-20.7333,139.5,67.77,94,90,8.05
276,Zhicheng,CN,2021-10-10 21:06:29,30.2956,111.5047,57.11,70,100,12.35
277,Flin Flon,CA,2021-10-10 21:06:30,54.7682,-101.865,64.02,44,100,8.52
278,Tabuk,PH,2021-10-10 21:06:30,17.4189,121.4443,73.04,96,100,2.77
279,Lagoa,PT,2021-10-10 21:03:08,39.05,-27.9833,71.13,85,100,22.84
280,San Vicente,AR,2021-10-10 21:06:30,-26.6167,-54.1333,66.34,80,84,4.81
281,Nemuro,JP,2021-10-10 21:06:31,43.3236,145.575,63.52,89,100,32.77
282,Kichera,RU,2021-10-10 21:06:31,55.9375,110.0997,35.06,91,96,1.45
283,Champua,IN,2021-10-10 21:06:31,22.0833,85.6667,73.08,77,7,3.15
284,Doha,QA,2021-10-10 21:06:32,25.2867,51.5333,85.98,54,0,5.75
285,Touros,BR,2021-10-10 21:06:32,-5.1989,-35.4608,81.5,76,26,12.86
286,Kolaras,IN,2021-10-10 21:06:32,25.2333,77.6,75.94,47,6,2.8
287,Camacha,PT,2021-10-10 21:06:33,33.0833,-16.3333,69.53,73,20,11.5
288,Mahebourg,MU,2021-10-10 21:06:33,-20.4081,57.7,71.26,90,94,8.77
289,Ayan,RU,2021-10-10 21:06:33,56.45,138.1667,39.67,69,100,15.37
290,Batagay,RU,2021-10-10 21:06:34,67.6333,134.6333,29.98,81,100,5.75
291,Manokwari,ID,2021-10-10 21:06:34,-0.8667,134.0833,78.3,79,97,3.6
292,Leesburg,US,2021-10-10 21:06:34,39.1157,-77.5636,72.7,90,90,4.0
293,Calama,CL,2021-10-10 21:02:12,-22.4667,-68.9333,72.91,11,4,16.64
294,San Cristobal,VE,2021-10-10 21:06:35,7.7669,-72.225,80.78,93,86,2.93
295,Half Moon Bay,US,2021-10-10 21:06:35,37.4636,-122.4286,83.8,57,1,5.75
296,Mchinji,MW,2021-10-10 21:06:35,-13.7984,32.8802,74.44,29,2,9.28
297,Souillac,MU,2021-10-10 21:06:36,-20.5167,57.5167,71.37,90,91,8.32
298,Bilibino,RU,2021-10-10 21:06:36,68.0546,166.4372,-1.37,100,93,2.82
299,Husavik,IS,2021-10-10 21:06:36,66.0449,-17.3389,34.7,97,100,1.32
300,Sal Rei,CV,2021-10-10 21:06:37,16.1833,-22.9167,77.56,78,0,18.19
301,Kahului,US,2021-10-10 21:06:37,20.8947,-156.47,83.46,75,20,18.41
302,Hailey,US,2021-10-10 21:06:37,43.5196,-114.3153,56.89,43,22,8.01
303,Eten,PE,2021-10-10 21:06:38,-6.9081,-79.8642,66.45,72,0,19.57
304,Nome,US,2021-10-10 21:06:38,64.5011,-165.4064,36.16,69,40,0.0
305,Adeje,ES,2021-10-10 21:06:38,28.1227,-16.726,72.01,68,20,6.91
306,Igrim,RU,2021-10-10 21:06:39,63.1906,64.4162,28.96,63,6,4.32
307,Terrace,CA,2021-10-10 21:04:19,54.5163,-128.6035,51.42,99,100,3.24
308,Fort Morgan,US,2021-10-10 21:05:22,40.2503,-103.8,69.8,22,75,6.91
309,Guerrero Negro,MX,2021-10-10 21:06:39,27.9769,-114.0611,79.68,46,0,12.5
310,Mackenzie,CA,2021-10-10 21:06:40,55.2999,-123.1698,45.14,50,89,7.74
311,Altos,BR,2021-10-10 21:06:40,-5.0381,-42.46,88.11,39,86,4.63
312,Ola,RU,2021-10-10 21:06:40,59.5833,151.2833,29.68,61,0,10.13
313,Omsukchan,RU,2021-10-10 21:06:41,62.5333,155.8,9.93,85,8,5.57
314,Defiance,US,2021-10-10 21:05:45,41.3334,-84.45,84.49,51,1,9.22
315,Nuuk,GL,2021-10-10 21:01:48,64.1835,-51.7216,38.01,70,75,0.0
316,Nouadhibou,MR,2021-10-10 21:06:41,20.931,-17.0347,69.37,84,0,22.03
317,Coahuayana,MX,2021-10-10 21:05:32,18.7333,-103.6833,92.68,69,100,4.83
318,Ngunguru,NZ,2021-10-10 21:06:42,-35.6167,174.5,57.96,63,8,6.04
319,Havre-Saint-Pierre,CA,2021-10-10 21:06:42,50.2334,-63.5986,49.71,87,90,12.84
320,Bichena,ET,2021-10-10 21:06:42,10.45,38.2,53.11,88,56,3.78
321,Westport,US,2021-10-10 21:06:43,41.1415,-73.3579,66.79,90,90,11.01
322,Keti Bandar,PK,2021-10-10 21:06:43,24.1447,67.4497,79.81,81,0,11.18
323,Sioux Lookout,CA,2021-10-10 21:06:43,50.1001,-91.917,60.91,92,100,9.28
324,Kaeo,NZ,2021-10-10 21:06:44,-35.1,173.7833,58.35,65,12,6.2
325,Namie,JP,2021-10-10 21:06:44,37.4833,141.0,67.96,83,0,10.27
326,Dalvik,IS,2021-10-10 21:06:44,65.9702,-18.5286,34.97,98,98,1.9
327,Tilichiki,RU,2021-10-10 21:06:45,60.4667,166.1,26.4,72,83,4.38
328,Comodoro Rivadavia,AR,2021-10-10 21:06:45,-45.8667,-67.5,71.46,24,0,24.16
329,Lavrentiya,RU,2021-10-10 21:06:46,65.5833,-171.0,28.96,80,30,2.77
330,Kushikino,JP,2021-10-10 21:06:46,31.7167,130.2667,78.08,90,6,6.02
331,Maniitsoq,GL,2021-10-10 21:06:46,65.4167,-52.9,35.67,87,100,10.49
332,Asau,RO,2021-10-10 21:06:47,46.4333,26.4,40.75,82,23,2.28
333,La Libertad,EC,2021-10-10 21:06:47,-2.2333,-80.9,67.66,88,90,8.05
334,Villeta,CO,2021-10-10 21:06:47,5.0089,-74.4723,86.61,90,93,0.58
335,Massape,BR,2021-10-10 21:06:47,-3.5228,-40.3428,82.6,64,16,10.8
336,Yangjiang,CN,2021-10-10 21:06:48,21.85,111.9667,79.95,89,82,6.08
337,Okhotsk,RU,2021-10-10 21:06:48,59.3833,143.3,21.58,83,24,8.77
338,Haimen,CN,2021-10-10 21:06:48,23.1935,116.6142,76.86,77,79,7.02
339,Karla,EE,2021-10-10 21:06:49,59.3723,24.9275,50.58,80,0,12.66
340,Bahia Blanca,AR,2021-10-10 21:06:49,-38.7196,-62.2724,73.35,33,4,4.59
341,Gambo,CF,2021-10-10 21:06:50,4.6482,22.2633,72.1,98,100,2.17
342,Ahvaz,IR,2021-10-10 21:06:50,31.3203,48.6693,78.75,15,0,4.61
343,Igarka,RU,2021-10-10 21:06:50,67.4667,86.5833,26.96,73,100,13.4
344,Alvand,IR,2021-10-10 21:06:51,36.3187,49.1678,43.72,82,18,3.24
345,Touba,CI,2021-10-10 21:06:51,8.2833,-7.6833,72.07,93,89,0.76
346,Znamenskoye,RU,2021-10-10 21:06:52,57.1281,73.8282,27.66,73,3,3.71
347,Bathsheba,BB,2021-10-10 21:06:52,13.2167,-59.5167,83.01,78,40,19.57
348,Ambon,ID,2021-10-10 21:06:52,-3.6954,128.1814,77.14,88,20,5.75
349,Sungairaya,ID,2021-10-10 21:06:52,0.7,108.9,79.83,87,100,4.92
350,Sirjan,IR,2021-10-10 21:06:53,29.452,55.6814,60.21,27,0,5.32
351,Gamba,GA,2021-10-10 21:06:53,-2.65,10.0,75.99,83,100,4.32
352,Broken Hill,AU,2021-10-10 21:06:54,-31.95,141.4333,45.54,72,46,15.73
353,Bonito,BR,2021-10-10 21:06:54,-21.1211,-56.4819,71.17,95,95,3.47
354,Morehead,US,2021-10-10 21:06:54,37.2711,-87.1764,87.51,50,1,5.75
355,Prainha,BR,2021-10-10 21:06:54,-1.8,-53.48,90.23,46,97,5.57
356,Ponnani,IN,2021-10-10 21:06:55,10.767,75.9252,78.12,91,100,2.46
357,Phenix City,US,2021-10-10 21:05:28,32.471,-85.0008,84.34,53,40,3.44
358,Puerto Escondido,MX,2021-10-10 21:06:55,15.85,-97.0667,88.63,58,40,9.22
359,Fortuna,US,2021-10-10 21:06:56,40.5982,-124.1573,69.48,68,86,5.01
360,San Pedro De Macoris,DO,2021-10-10 21:06:56,18.4616,-69.2972,86.61,67,40,5.61
361,Ust-Tsilma,RU,2021-10-10 21:06:56,65.441,52.1498,33.48,98,100,5.77
362,Saint George,US,2021-10-10 21:04:18,37.1041,-113.5841,75.67,31,1,4.0
363,Porteirinha,BR,2021-10-10 21:06:57,-15.7433,-43.0283,77.85,57,17,8.77
364,Severomuysk,RU,2021-10-10 21:06:57,56.1481,113.4267,16.83,87,49,3.29
365,Yerofey Pavlovich,RU,2021-10-10 21:06:58,53.9667,121.9667,30.6,80,2,4.34
366,Karoi,ZW,2021-10-10 21:06:58,-16.8099,29.6925,75.79,39,77,12.1
367,Boa Vista,BR,2021-10-10 21:06:58,2.8197,-60.6733,85.98,70,75,10.36
368,Mount Gambier,AU,2021-10-10 21:06:59,-37.8333,140.7667,47.97,60,99,4.76
369,Zhangye,CN,2021-10-10 21:06:59,38.9342,100.4517,47.23,35,0,3.51
370,Mayo,US,2021-10-10 21:06:59,38.8876,-76.5119,73.44,85,90,8.99
371,Besancon,FR,2021-10-10 21:07:00,47.2488,6.0182,46.85,100,0,3.91
372,Tasiilaq,GL,2021-10-10 21:03:12,65.6145,-37.6368,32.16,57,1,2.84
373,Padang,ID,2021-10-10 21:07:00,-0.9492,100.3543,75.07,95,100,1.59
374,Tombouctou,ML,2021-10-10 21:07:00,20.0,-3.0,90.73,9,100,7.11
375,Lata,PT,2021-10-10 21:07:01,40.1629,-8.3327,67.08,53,15,4.59
376,Marienburg,PL,2021-10-10 21:07:01,54.0359,19.0266,41.88,65,0,7.29
377,Poum,NC,2021-10-10 21:07:01,-20.2333,164.0167,74.32,64,13,20.13
378,Ulladulla,AU,2021-10-10 21:07:02,-35.35,150.4667,47.88,80,100,10.07
379,Findlay,US,2021-10-10 21:07:02,41.0442,-83.6499,84.33,45,1,19.57
380,Aras,ES,2021-10-10 21:07:03,42.5617,-2.356,52.21,71,0,9.22
381,Hun,LY,2021-10-10 21:07:03,29.1268,15.9477,76.05,30,0,7.02
382,Vyartsilya,RU,2021-10-10 21:07:03,62.1764,30.693,50.47,88,100,9.71
383,Khrebtovaya,RU,2021-10-10 21:07:04,56.7032,104.2494,39.9,73,100,12.66
384,Kargasok,RU,2021-10-10 21:07:04,59.0556,80.8572,26.51,70,0,6.42
385,Segovia,ES,2021-10-10 21:07:04,41.1667,-4.0,56.68,57,96,4.63
386,Japura,ID,2021-10-10 21:07:05,-0.3167,102.35,73.96,97,100,2.17
387,Korla,CN,2021-10-10 21:07:05,41.7597,86.1469,47.08,42,58,3.04
388,Selfoss,IS,2021-10-10 21:07:05,63.9331,-20.9971,39.04,79,24,7.23
389,Ahipara,NZ,2021-10-10 21:07:06,-35.1667,173.1667,58.87,64,84,6.89
390,Wukari,NG,2021-10-10 21:07:06,7.85,9.7833,75.87,87,85,5.68
391,Lesnoy,RU,2021-10-10 21:07:06,57.6198,63.0784,27.68,67,38,0.85
392,Tezu,IN,2021-10-10 21:07:06,27.9167,96.1667,75.11,75,2,3.02
393,Lorengau,PG,2021-10-10 21:07:07,-2.0226,147.2712,81.48,75,99,3.2
394,Iranshahr,IR,2021-10-10 21:07:07,27.2025,60.6848,74.93,18,0,5.32
395,Winnemucca,US,2021-10-10 21:07:07,40.973,-117.7357,64.45,27,1,8.05
396,Abnub,EG,2021-10-10 21:07:08,27.2696,31.1511,82.18,23,6,5.14
397,Alihe,CN,2021-10-10 21:07:08,50.5667,123.7167,36.88,76,0,6.76
398,Santa Catalina,PH,2021-10-10 21:07:08,9.3337,122.8637,79.43,89,100,12.95
399,Belle Fourche,US,2021-10-10 21:07:09,44.6714,-103.8522,69.12,26,1,19.86
400,Geraldton,AU,2021-10-10 21:07:09,-28.7667,114.6,50.41,87,37,9.22
401,Shimoda,JP,2021-10-10 21:07:09,34.6667,138.95,68.11,81,10,7.05
402,Singleton,AU,2021-10-10 21:07:10,-32.5667,151.1833,57.97,96,100,4.0
403,Rawson,AR,2021-10-10 21:07:10,-43.3002,-65.1023,74.88,29,34,14.25
404,Blackfoot,US,2021-10-10 21:05:29,43.1905,-112.345,58.78,33,69,15.28
405,Huambo,AO,2021-10-10 21:07:11,-12.7761,15.7392,75.0,28,91,3.02
406,Ust-Ishim,RU,2021-10-10 21:07:11,57.6935,71.1665,27.64,72,10,2.59
407,Whitehorse,CA,2021-10-10 21:04:04,60.7161,-135.0538,43.11,74,74,3.4
408,Busing,PH,2021-10-10 21:07:11,13.1514,122.9714,82.53,84,88,19.44
409,Rio Gallegos,AR,2021-10-10 21:07:12,-51.6226,-69.2181,50.36,51,49,11.72
410,Margate,GB,2021-10-10 21:07:12,51.3813,1.3862,56.7,81,77,10.83
411,Lazaro Cardenas,MX,2021-10-10 21:07:12,17.9583,-102.2,85.01,68,92,8.23
412,Panaba,MX,2021-10-10 21:07:12,21.2833,-88.2667,87.69,59,88,11.86
413,Rania,IN,2021-10-10 21:07:13,29.5333,74.8333,82.2,38,0,8.5
414,La Ronge,CA,2021-10-10 21:07:13,55.1001,-105.2842,51.53,43,100,5.99
415,Torbay,CA,2021-10-10 21:05:33,47.6666,-52.7314,45.28,78,25,7.0
416,Wamba,NG,2021-10-10 21:07:14,8.9333,8.6,74.07,92,100,1.21
417,San Policarpo,PH,2021-10-10 21:07:14,12.1791,125.5072,79.72,84,73,10.76
418,Pabrade,LT,2021-10-10 21:05:04,55.0,25.7833,38.34,81,4,4.97
419,Soure,BR,2021-10-10 21:05:41,-0.7167,-48.5233,82.26,73,34,14.61
420,Hwange,ZW,2021-10-10 21:07:14,-18.3693,26.5019,71.85,59,6,12.55
421,Scarborough,GB,2021-10-10 21:07:15,54.2797,-0.4044,51.53,83,86,1.01
422,Kangavar,IR,2021-10-10 21:07:15,34.5043,47.9653,55.76,32,0,3.09
423,Hit,IQ,2021-10-10 21:07:15,33.6416,42.8251,79.41,17,0,7.74
424,Kenai,US,2021-10-10 21:05:09,60.5544,-151.2583,49.08,67,1,18.41
425,Gemena,CD,2021-10-10 21:07:16,3.25,19.7667,71.08,95,23,1.74
426,Kieta,PG,2021-10-10 21:07:16,-6.2167,155.6333,80.49,81,92,4.0
427,Semporna,MY,2021-10-10 21:07:16,4.4818,118.6112,79.45,88,98,5.1
428,Huarmey,PE,2021-10-10 21:07:17,-10.0681,-78.1522,67.82,80,65,9.93
429,Inuvik,CA,2021-10-10 21:07:17,68.3499,-133.7218,30.96,93,90,8.05
430,Ulcinj,ME,2021-10-10 21:07:17,41.9294,19.2244,60.93,93,100,12.15
431,Cabedelo,BR,2021-10-10 21:07:18,-6.9811,-34.8339,79.47,75,32,10.09
432,Aberdeen,GB,2021-10-10 21:04:26,57.1437,-2.0981,52.83,81,100,10.36
433,Ocean Springs,US,2021-10-10 21:07:18,30.4113,-88.8278,87.53,73,20,8.05
434,Port Shepstone,ZA,2021-10-10 21:07:18,-30.7414,30.455,63.12,57,100,6.35
435,Bilma,NE,2021-10-10 21:07:19,18.6853,12.9164,85.71,10,21,7.72
436,Kencong,ID,2021-10-10 21:07:19,-8.2833,113.3667,76.21,80,99,2.71
437,Tommot,RU,2021-10-10 21:07:19,58.9564,126.2925,32.52,86,51,11.01
438,Moerai,PF,2021-10-10 21:04:48,-22.4333,-151.3333,73.87,75,100,12.06
439,Roebourne,AU,2021-10-10 21:07:20,-20.7833,117.1333,73.22,33,14,7.76
440,Axim,GH,2021-10-10 21:07:20,4.8699,-2.2405,76.87,90,100,10.09
441,Caravelas,BR,2021-10-10 21:07:20,-17.7125,-39.2481,73.06,89,100,8.01
442,Aloleng,PH,2021-10-10 21:07:21,16.1307,119.7824,82.98,80,100,21.61
443,Hofn,IS,2021-10-10 21:03:12,64.2539,-15.2082,42.51,69,62,12.08
444,Port Hardy,CA,2021-10-10 21:07:21,50.6996,-127.4199,49.62,74,100,6.2
445,Kropotkin,RU,2021-10-10 21:07:21,45.4375,40.5756,50.97,77,11,12.82
446,Raton,US,2021-10-10 21:07:22,36.9034,-104.4391,58.19,61,1,3.44
447,Pitiquito,MX,2021-10-10 21:07:22,30.7,-112.0833,85.19,12,0,6.91
448,Kluang,MY,2021-10-10 21:07:22,2.0251,103.3328,75.4,96,96,1.63
449,Naze,JP,2021-10-10 21:07:23,28.3667,129.4833,76.87,87,65,16.31
450,Kiama,AU,2021-10-10 21:07:23,-34.6833,150.8667,52.38,87,100,3.0
451,Veinticinco De Mayo,AR,2021-10-10 21:07:23,-35.4323,-60.1727,70.05,62,100,5.01
452,Moose Factory,CA,2021-10-10 21:07:24,51.2585,-80.6094,66.33,82,100,5.55
453,Ancud,CL,2021-10-10 21:07:24,-41.8697,-73.8203,54.43,77,100,8.08
454,Ormara,PK,2021-10-10 21:07:24,25.2088,64.6357,85.71,28,0,23.33
455,Bafata,GW,2021-10-10 21:07:25,12.1667,-14.75,80.44,77,83,4.25
456,Ostrovnoy,RU,2021-10-10 21:07:25,68.0531,39.5131,42.62,94,100,3.13
457,Catamarca,AR,2021-10-10 21:07:25,-28.4696,-65.7852,82.78,43,54,4.0
458,Aksarka,RU,2021-10-10 21:07:26,66.5606,67.7975,26.62,86,15,6.08
459,Ranong,TH,2021-10-10 21:07:26,9.9658,98.6348,79.65,88,99,15.5
460,Atherton,GB,2021-10-10 21:07:26,53.5237,-2.4935,55.69,88,100,6.04
461,Rocha,UY,2021-10-10 21:07:27,-34.4833,-54.3333,59.5,77,100,12.55
462,Desnogorsk,RU,2021-10-10 21:07:27,54.1508,33.2815,38.14,77,11,2.84
463,Isiolo,KE,2021-10-10 21:07:27,0.3546,37.5822,72.95,56,38,12.12
464,Saint-Augustin,CA,2021-10-10 21:07:28,51.226,-58.6502,51.78,61,59,5.64
465,Lensk,RU,2021-10-10 21:07:28,60.7253,114.9278,32.92,82,99,14.63
466,Dingle,PH,2021-10-10 21:07:28,10.9995,122.6711,76.73,92,93,9.51
467,Bukama,CD,2021-10-10 21:07:29,-9.2,25.85,86.0,29,99,0.96
468,North Bend,US,2021-10-10 21:07:29,43.4065,-124.2243,61.25,80,20,12.66
469,Cleburne,US,2021-10-10 21:07:29,32.3476,-97.3867,92.1,53,40,20.71
470,Valle Nacional,MX,2021-10-10 21:07:29,17.7833,-96.3167,90.54,57,5,4.45
471,Mecca,SA,2021-10-10 21:03:11,21.4267,39.8261,86.83,44,2,2.8
472,Khani,GE,2021-10-10 21:07:30,41.9563,42.9566,49.57,76,3,4.5
473,Mount Pleasant,US,2021-10-10 21:06:30,32.7941,-79.8626,78.31,74,90,1.01
474,Tayu,ID,2021-10-10 21:06:03,-6.5397,111.0518,76.6,79,90,8.08
475,Constantine,DZ,2021-10-10 21:07:30,36.365,6.6147,56.01,83,0,1.5
476,Atasu,KZ,2021-10-10 21:07:31,48.6814,71.6433,45.54,67,100,10.18
477,Alamosa,US,2021-10-10 21:07:31,37.4695,-105.87,62.65,20,40,11.5
478,Yaan,NG,2021-10-10 21:07:31,7.3833,8.5667,73.45,93,89,5.7
479,Loningen,DE,2021-10-10 21:07:32,52.7333,7.7667,52.93,89,97,5.37
480,Tabou,CI,2021-10-10 21:07:32,4.423,-7.3528,78.17,88,100,9.64
481,La Paz,BO,2021-10-10 21:07:32,-16.5,-68.15,64.38,36,75,10.36
482,Beringovskiy,RU,2021-10-10 21:07:33,63.05,179.3167,29.48,87,99,12.8
483,Pucallpa,PE,2021-10-10 21:07:33,-8.3791,-74.5539,95.04,46,75,5.75
484,Ponta Delgada,PT,2021-10-10 21:07:33,37.7333,-25.6667,70.52,94,75,9.22
485,Sandviken,SE,2021-10-10 21:07:34,60.6167,16.7667,50.16,88,99,12.17
486,Cairns,AU,2021-10-10 21:07:34,-16.9167,145.7667,73.06,87,40,10.36
487,Bafra,TR,2021-10-10 21:07:34,41.5678,35.9069,63.82,86,12,2.44
488,Ca Mau,VN,2021-10-10 21:07:35,9.1769,105.15,78.26,89,99,8.14
489,Porto Uniao,BR,2021-10-10 21:03:38,-26.2381,-51.0783,59.07,94,100,4.56
490,Zhuhai,CN,2021-10-10 21:05:29,22.2769,113.5678,82.06,89,20,8.05
491,Belaya Gora,RU,2021-10-10 21:07:35,68.5333,146.4167,19.27,74,100,3.67
492,Muisne,EC,2021-10-10 21:07:35,0.6,-80.0333,77.11,82,100,8.7
493,Socorro,US,2021-10-10 21:04:22,31.6546,-106.3033,78.39,16,1,23.02
494,Bougouni,ML,2021-10-10 21:07:36,11.417,-7.479,83.1,59,92,3.49
495,Vikhorevka,RU,2021-10-10 21:07:36,56.1201,101.1636,40.59,82,89,8.21
496,Waipawa,NZ,2021-10-10 21:07:37,-41.4122,175.5153,57.45,67,24,7.25
497,Reserva,BR,2021-10-10 21:07:37,-24.6503,-50.8506,57.67,95,100,3.56
498,Wilmington,US,2021-10-10 21:06:03,34.2257,-77.9447,77.92,77,97,5.99
499,Sembakung,ID,2021-10-10 21:07:37,3.8167,117.25,74.71,99,100,1.99
500,Nivala,FI,2021-10-10 21:07:38,63.9167,24.9667,49.68,81,100,11.05
501,Wajima,JP,2021-10-10 21:07:38,37.4,136.9,73.78,79,3,19.06
502,Udachnyy,RU,2021-10-10 21:07:38,66.4167,112.4,22.66,91,100,18.61
503,Puerto Narino,CO,2021-10-10 21:07:38,-3.7703,-70.3831,94.95,66,100,2.04
504,Biak,ID,2021-10-10 21:07:39,-0.9131,122.8766,76.86,86,100,7.09
505,Dudinka,RU,2021-10-10 21:07:39,69.4058,86.1778,23.68,93,100,6.73
506,Karratha,AU,2021-10-10 21:07:40,-20.7377,116.8463,72.73,36,8,5.57
507,Antsohihy,MG,2021-10-10 21:07:40,-14.8796,47.9875,73.09,63,29,4.09
508,Poso,ID,2021-10-10 21:07:40,-1.3959,120.7524,78.06,77,100,2.48
509,Strezhevoy,RU,2021-10-10 21:07:40,60.7333,77.5889,24.78,73,8,7.23
510,Los Llanos De Aridane,ES,2021-10-10 21:04:57,28.6585,-17.9182,69.55,84,0,14.97
511,Necochea,AR,2021-10-10 21:07:41,-38.5473,-58.7368,61.11,78,45,8.55
512,Bam,IR,2021-10-10 21:07:41,29.106,58.357,66.09,18,2,8.21
513,Gewane,ET,2021-10-10 21:07:41,10.1664,40.6453,77.59,73,97,10.47
514,Tabas,IR,2021-10-10 21:07:42,33.5959,56.9244,59.09,21,0,6.87
515,Pisco,PE,2021-10-10 21:07:42,-13.7,-76.2167,68.05,68,0,14.97
516,Kimbe,PG,2021-10-10 21:07:42,-5.5502,150.1429,77.59,90,70,1.39
517,Kothi,IN,2021-10-10 21:07:43,24.75,80.7833,74.88,59,0,3.02
518,Salinas,US,2021-10-10 21:02:50,36.6777,-121.6555,84.99,56,1,11.5
519,Tucuma,BR,2021-10-10 21:07:43,-0.1833,-50.05,83.28,71,26,13.04
520,Bonavista,CA,2021-10-10 21:07:44,48.6499,-53.1147,44.11,74,72,28.3
521,Filingue,NE,2021-10-10 21:07:44,14.3521,3.3168,93.36,17,100,6.62
522,Palmer,US,2021-10-10 21:07:44,42.1584,-72.3287,63.99,69,90,5.01
523,Aguimes,ES,2021-10-10 21:07:44,27.9054,-15.4461,70.43,66,40,18.41
524,Santarem,BR,2021-10-10 21:07:45,-2.4431,-54.7083,87.93,66,20,8.05
525,Bulungu,CD,2021-10-10 21:07:45,-4.55,18.6,72.7,97,100,7.52
526,Nizwa,OM,2021-10-10 21:07:45,22.9333,57.5333,84.06,37,0,2.84
527,Mayskiy,RU,2021-10-10 21:07:46,47.6931,40.1025,53.44,51,7,8.75
528,Vestmannaeyjar,IS,2021-10-10 21:07:46,63.4427,-20.2734,43.23,71,60,14.9
529,Lakselv,NO,2021-10-10 21:07:46,70.0513,24.9718,40.82,87,75,6.91
530,Sabirabad,AZ,2021-10-10 21:07:47,40.0095,48.4752,61.61,65,100,6.49
531,Olafsvik,IS,2021-10-10 21:07:47,64.8945,-23.7142,40.15,60,24,0.83
532,Progreso,MX,2021-10-10 21:07:47,21.2833,-89.6667,95.11,67,58,12.19
533,Parati,BR,2021-10-10 21:07:37,-23.2178,-44.7131,67.08,98,100,2.3
534,Assare,BR,2021-10-10 21:07:48,-6.8744,-39.875,88.21,24,99,6.26
535,Muroto,JP,2021-10-10 21:07:48,33.2833,134.15,77.09,80,45,8.59
536,Yumen,CN,2021-10-10 21:07:48,40.2833,97.2,37.69,23,1,11.63
537,Salalah,OM,2021-10-10 21:07:49,17.0151,54.0924,80.69,83,75,4.61
538,San Salvador El Seco,MX,2021-10-10 21:07:49,19.1333,-97.65,72.55,41,27,10.4
539,Damara,CF,2021-10-10 21:07:49,4.9608,18.7035,70.16,98,91,4.27
540,Boyolangu,ID,2021-10-10 21:07:50,-8.1181,111.8935,74.84,86,98,5.14
541,Merritt Island,US,2021-10-10 21:07:50,28.5392,-80.672,85.05,72,1,13.8
542,Pontianak,ID,2021-10-10 21:07:50,-0.0333,109.3333,78.78,94,95,1.14
543,Hokitika,NZ,2021-10-10 21:07:51,-42.7167,170.9667,53.96,81,100,9.08
544,Hervey Bay,AU,2021-10-10 21:07:51,-25.2986,152.8535,75.02,64,4,12.62
545,Aqtobe,KZ,2021-10-10 21:07:51,50.2797,57.2072,33.89,80,0,2.24
546,Beloha,MG,2021-10-10 21:07:52,-25.1667,45.05,67.64,87,16,7.61
547,Kisangani,CD,2021-10-10 21:07:52,0.5167,25.2,75.0,87,99,0.54
548,Tomatlan,MX,2021-10-10 21:07:52,19.9333,-105.25,85.91,79,100,5.17
549,Stoholm,DK,2021-10-10 21:07:53,56.4845,9.1462,51.71,92,100,8.79
550,Chardara,KZ,2021-10-10 21:07:53,41.2547,67.9692,50.9,39,1,5.21
551,Nhulunbuy,AU,2021-10-10 21:07:53,-12.2333,136.7667,75.81,88,90,4.61
552,Luwuk,ID,2021-10-10 21:07:54,-0.9516,122.7875,78.12,88,100,5.35
553,Kovdor,RU,2021-10-10 21:07:54,67.5662,30.4758,44.82,99,100,0.83
554,Zhezkazgan,KZ,2021-10-10 21:07:54,47.8043,67.7144,46.9,46,95,9.08
555,Vozhega,RU,2021-10-10 21:07:55,60.4725,40.2213,45.5,84,56,7.45
556,Morant Bay,JM,2021-10-10 21:07:55,17.8815,-76.4093,85.66,66,43,5.46
557,La Mira,MX,2021-10-10 21:07:55,18.035,-102.3266,84.96,69,84,7.16
558,Rudbar,AF,2021-10-10 21:07:55,30.15,62.6,56.59,21,0,14.7
559,Brazzaville,CG,2021-10-10 21:07:56,-4.2658,15.2832,79.88,69,98,3.2
560,Adrar,MR,2021-10-10 21:07:56,20.5022,-10.0711,88.92,12,99,4.47
561,Haikou,CN,2021-10-10 21:07:56,20.0458,110.3417,78.46,90,96,8.39
562,Panguna,PG,2021-10-10 21:07:57,-6.3164,155.4848,72.25,88,86,1.3
563,Luderitz,NA,2021-10-10 21:07:57,-26.6481,15.1594,71.13,40,9,6.11
